Year,Mean salt consumption (g/day)
1999,10.027993
2000,9.818009
2001,9.60813
2002,9.398355
2003,9.188686
2004,8.979121
2005,8.76966
2006,8.560304
2007,8.351052
2008,8.141905
2009,7.932862
2010,7.723922
2011,7.515087
2012,7.306355
2013,7.097728
2014,6.889203
2015,6.680783
